name;adsress;post_code
Милльда;г. Казань, ул. Фадеева, д. 54;445678
Моллия;г. Самара, ул. Ленина, д. 54;115476
Еваолет;г. Москва, ул. Фадеева, д. 23;543282
Хаййзи;г. Самара, ул. Херсонская, д. 78;917382
Мэдто;г. Москва, ул. Ленина, д. 78;465274
Эливия;г. Самара, ул. Ленина, д. 11;946137
Маолет;г. Москва, ул. Фадеева, д. 78;524986
Мемер;г. Казань, ул. Херсонская, д. 11;573515
Элиста;г. Самара, ул. Херсонская, д. 54;958462
Затриче;г. Самара, ул. Ленина, д. 78;124578
