last_name,first_name,father_name,email
Некрасова,Елена,Романовна,name123@google.gov
Казакова,Лиза,Владиславовна,aaaaa@inbox.com
Богданова,Эля,Сергеевна,q1w2e3@inbox.com
Фролова,Златослава,Федосеевна,qwerty@yandex.com
Абрамова,Алина,Вениаминовна,aaaaa@inbox.gov
Лебедева,Лигия,Даниловна,aaaaa@inbox.org
Доронина,Анна,Геласьевна,name123@mail.gov
Фомичёва,Флора,Николаевна,qwerty@mail.ru
Алексеева,Айлин,Германновна,q1w2e3@mail.com
Коновалова,Артемида,Васильевна,q1w2e3@google.ru
Филиппова,Чеслава,Донатовна,aaaaa@mail.com
Прохорова,Арина,Тимофеевна,simple@inbox.gov
Кондратьева,Гаянэ,Рубеновна,simple@mail.com
Щукина,Марианна,Геласьевна,name123@mail.com
Медведева,Алевтина,Оскаровна,aaaaa@google.ru
Уварова,Ульна,Владимировна,qwerty@mail.gov
Денисова,Алия,Артёмовна,simple@mail.org
Богданова,Жаклин,Сергеевна,name123@google.ru
Сафонова,Залина,Дамировна,qwerty@google.com
Гущина,Цветана,Арсеньевна,name123@inbox.ru
Князев,Степан,Федорович,simple@yandex.ru
Бирюков,Мирослав,Адольфович,simple@inbox.com
Кулагин,Мечислав,Парфеньевич,q1w2e3@inbox.org
Пахомов,Прохор,Дмитриевич,name123@yandex.gov
Данилов,Юрий,Германнович,aaaaa@mail.ru
Калашников,Гордей,Владиславович,qwerty@mail.com
Некрасов,Панкрат,Матвеевич,simple@yandex.gov
Казаков,Панкрат,Олегович,simple@google.ru
Никифоров,Рубен,Пётрович,simple@mail.gov
Суворов,Семен,Филатович,qwerty@mail.org
Зыков,Лев,Дмитрьевич,name123@inbox.gov
Тимофеев,Мирон,Мэлсович,q1w2e3@yandex.org
Крылов,Георгий,Валерьянович,q1w2e3@mail.gov
Якушев,Гордий,Тимофеевич,aaaaa@google.com
Чернов,Касьян,Проклович,name123@mail.ru
Некрасов,Лавр,Тарасович,name123@google.com
Калашников,Семен,Русланович,q1w2e3@yandex.ru
Матвеев,Мстислав,Максович,simple@yandex.com
Гусев,Евгений,Максимович,name123@google.org
Ларионов,Юстиниан,Георгиевич,aaaaa@mail.org
